id:ID,name,inception,:LABEL
Q4036051,Chapel,2009-01-01T00:00:00Z,Technology
Q1852616,X10,2004-01-01T00:00:00Z,Technology
Q251,Q251,1995-01-01T00:00:00Z,Technology
Q59,Q59,1995-06-08T00:00:00Z,Technology
Q94279981,Dragon,2018-01-04T00:00:00Z,Technology
Q5501320,Frege,,Technology
Q406009,Dart,2011-10-10T00:00:00Z,Technology
Q154755,Q154755,1980-01-01T00:00:00Z,Technology
Q5587589,Gosu,2002-01-01T00:00:00Z,Technology
Q23653623,Whiley,2010-06-01T00:00:00Z,Technology
Q812964,BeanShell,1999-01-01T00:00:00Z,Technology
Q17118377,Q17118377,2014-06-02T00:00:00Z,Technology
Q3816639,Q3816639,2011-07-22T00:00:00Z,Technology
Q1138939,Vala,2006-01-01T00:00:00Z,Technology
Q263544,Common Intermediate Language,2000-01-01T00:00:00Z,Technology
Q132262426,Varphi Language,2025-01-25T00:00:00Z,Technology
Q2868806,Ateji PX,,Technology
Q65122282,JS++,2011-10-08T00:00:00Z,Technology
Q2658244,E,1997-01-01T00:00:00Z,Technology
Q25345888,Qore,,Technology
Q4053269,X++,,Technology
Q3858763,Mirah,2008-01-01T00:00:00Z,Technology
Q5250999,Deesel,,Technology
Q978185,TypeScript,2012-10-01T00:00:00Z,Technology
Q460584,Q460584,2004-01-20T00:00:00Z,Technology
Q609804,JavaFX Script,2008-01-01T00:00:00Z,Technology
Q22443688,Karel++,,Technology
Q3516674,Tea,1997-01-01T00:00:00Z,Technology
Q1040272,Monkey X,2011-01-01T00:00:00Z,Technology
Q285886,Haxe,2005-01-01T00:00:00Z,Technology
Q648124,Gambas,1999-01-01T00:00:00Z,Technology
Q5607337,Gremlin,2009-01-01T00:00:00Z,Technology
Q504453,Apache Groovy,2003-01-01T00:00:00Z,Technology
Q580448,Falcon,2003-01-01T00:00:00Z,Technology
Q513238,LOLCODE,2007-01-01T00:00:00Z,Technology
Q91440026,Chaos,,Technology
Q2005,Q2005,1996-05-01T00:00:00Z,Technology
Q4047113,Pnuts,1997-01-01T00:00:00Z,Technology
Q2370,Q2370,2001-01-01T00:00:00Z,Technology
Q6268991,Join Java,2000-01-01T00:00:00Z,Technology
Q15971618,Hack,2014-01-01T00:00:00Z,Technology
Q319268,D,2001-12-08T00:00:00Z,Technology
Q234657,ActionScript,1998-01-01T00:00:00Z,Technology
Q51160183,Ballerina,2017-01-01T00:00:00Z,Technology
Q3068804,Ferite,2000-01-01T00:00:00Z,Technology
Q93482,Ceylon,2011-01-01T00:00:00Z,Technology
Q3354460,OptimJ,2006-01-01T00:00:00Z,Technology
Q1053535,Processing,2001-01-01T00:00:00Z,Technology
Q1186348,Seed7,2005-01-01T00:00:00Z,Technology
Q2407,Q2407,1983-01-01T00:00:00Z,Technology
Q2378,Visual Basic,1991-01-01T00:00:00Z,Technology
Q5288,Tcl,1988-01-01T00:00:00Z,Technology
Q113157814,Carbon,2020-04-27T00:00:00Z,Technology
Q21921428,Crystal,2014-01-01T00:00:00Z,Technology
Q1167341,Basic For Qt,,Technology
Q1807379,Game Maker Language,1999-01-01T00:00:00Z,Technology
Q892948,Boo,2003-01-01T00:00:00Z,Technology
Q18965699,Cilk++,2008-12-01T00:00:00Z,Technology
Q20080327,Nim,2008-01-01T00:00:00Z,Technology
Q10352265,Powerscript,1992-07-01T00:00:00Z,Technology
Q648619,F#,2005-01-01T00:00:00Z,Technology
Q22709094,HolyC,,Technology
Q575650,Q575650,2006-01-01T00:00:00Z,Technology
Q7585520,urbiscript,,Technology
Q15241057,Wolfram Language,1988-01-01T00:00:00Z,Technology
Q207316,Lua,1993-01-01T00:00:00Z,Technology
Q621618,ATS,2006-01-01T00:00:00Z,Technology
Q285756,Incr Tcl,1993-01-01T00:00:00Z,Technology
Q1648571,PowerBASIC,1989-01-01T00:00:00Z,Technology
Q42478,Q42478,1987-01-01T00:00:00Z,Technology
Q84104242,Beef,,Technology
Q25462748,Ring,2016-01-01T00:00:00Z,Technology
Q4046509,PascalABC.NET,2007-01-01T00:00:00Z,Technology
Q2084386,URBI,2003-01-01T00:00:00Z,Technology
Q17092771,Itk,1993-01-01T00:00:00Z,Technology
Q15833022,Luna,2011-01-01T00:00:00Z,Technology
Q51885456,Zig,2015-01-01T00:00:00Z,Technology
Q5514022,GNU E,1991-01-01T00:00:00Z,Technology
Q667566,Visual Basic for Applications,1993-01-01T00:00:00Z,Technology
Q4037189,Delphi,1995-01-01T00:00:00Z,Technology
Q553514,JScript,1996-01-01T00:00:00Z,Technology
Q961543,QML,2009-01-01T00:00:00Z,Technology
Q13496636,asm.js,,Technology
Q726218,XML User Interface Language,1999-01-01T00:00:00Z,Technology
Q5583799,Google Apps Script,,Technology
Q5853992,FJAX,,Technology
Q16963446,LiveScript,2011-01-01T00:00:00Z,Technology
Q1144631,Curl,1998-01-01T00:00:00Z,Technology
Q1106819,CoffeeScript,2009-12-13T00:00:00Z,Technology
Q16616746,Pascal Script,2000-01-01T00:00:00Z,Technology
Q14581,Darwin,,Technology
Q105157779,JSX,2013-01-01T00:00:00Z,Technology
Q75145878,JUDO ERP,,Technology
Q5301,TeX,1978-01-01T00:00:00Z,Technology
Q161053,Q161053,1995-01-01T00:00:00Z,Technology
Q2366,AngelScript,2003-01-01T00:00:00Z,Technology
Q14116,macOS,2001-03-24T00:00:00Z,Technology
Q840410,PowerShell,2006-11-14T00:00:00Z,Technology
Q50077,Visual Basic,2001-01-01T00:00:00Z,Technology
Q5310,LaTeX,1980-01-01T00:00:00Z,Technology
Q110885022,Phoenix Object Basic,,Technology
Q1200182,Squirrel,2003-09-06T00:00:00Z,Technology
Q388,Linux,1991-09-17T00:00:00Z,Technology
Q66370905,Gleam,2016-06-13T00:00:00Z,Technology
Q756100,Node.js,2009-05-27T00:00:00Z,Technology
Q45322975,Q#,2017-12-11T00:00:00Z,Technology
Q48805027,Jsish,,Technology
Q2115,XML,1998-01-01T00:00:00Z,Technology
Q262003,Newsqueak,1980-01-01T00:00:00Z,Technology
Q64840933,Odin,2016-07-01T00:00:00Z,Technology
Q195929,FreeBASIC,2004-01-01T00:00:00Z,Technology
Q188531,Q188531,1984-01-01T00:00:00Z,Technology
Q1785511,Not eXactly C,2006-01-01T00:00:00Z,Technology
Q1783709,Not Quite C,,Technology
Q11964041,Concurrent C,1984-01-01T00:00:00Z,Technology
Q286443,nesC,,Technology
Q369244,SolidThinking Embed,1989-01-01T00:00:00Z,Technology
Q2597533,XML-QL,,Technology
Q3334275,NCL,1987-01-01T00:00:00Z,Technology
Q3339196,Next Byte Codes,,Technology
Q4050584,THINK C,,Technology
Q4654110,ASCIIMathML,,Technology
Q1572341,Pike,1994-01-01T00:00:00Z,Technology
Q4918681,BitC,,Technology
Q6024222,GNU Awk,1986-01-01T00:00:00Z,Technology
Q1895587,Alef,2010-01-01T00:00:00Z,Technology
Q1798284,LPC,1989-01-01T00:00:00Z,Technology
Q544927,Limbo,1995-01-01T00:00:00Z,Technology
Q3782995,Handel-C,2005-01-01T00:00:00Z,Technology
Q3061422,EventScripts,2004-01-01T00:00:00Z,Technology
Q4115288,Ratfor,1976-01-01T00:00:00Z,Technology
Q1064516,C shell,1978-01-01T00:00:00Z,Technology
Q2569373,Cilk,1994-01-01T00:00:00Z,Technology
Q3304832,Maya Embedded Language,1998-02-01T00:00:00Z,Technology
Q5086385,Charm,1996-01-01T00:00:00Z,Technology
Q37227,Q37227,2009-11-10T00:00:00Z,Technology
Q1283865,S,1976-01-01T00:00:00Z,Technology
Q3332038,ZPL,1993-01-01T00:00:00Z,Technology
Q113048518,Bun,,Technology
Q3475961,Scol,1996-01-01T00:00:00Z,Technology
Q204693,Karel,1981-01-01T00:00:00Z,Technology
Q5125133,Claire,1994-01-01T00:00:00Z,Technology
Q128598918,C3,,Technology
Q79598,Cyclone,2002-01-01T00:00:00Z,Technology
Q17147733,Swift,2007-01-01T00:00:00Z,Technology
Q81348,C--,1997-01-01T00:00:00Z,Technology
Q22095795,eC,2004-01-01T00:00:00Z,Technology
Q118152673,Mojo,2023-01-01T00:00:00Z,Technology
Q7261054,Pure,2008-01-01T00:00:00Z,Technology
Q1094499,ALGOL 58,,Technology
Q3412467,Qi,,Technology
Q135993339,MFM,,Technology
Q7474729,FACT,1959-01-01T00:00:00Z,Technology
Q213970,Q213970,1977-01-01T00:00:00Z,Technology
Q1185543,Linden Scripting Language,,Technology
Q2052676,Raku,2015-12-25T00:00:00Z,Technology
Q1106293,Genie,2008-01-01T00:00:00Z,Technology
Q22661291,Hy,2013-01-01T00:00:00Z,Technology
Q5166349,Converge,,Technology
Q18711761,Ur/Web,2014-12-01T00:00:00Z,Technology
Q65082796,PureScript,2013-01-01T00:00:00Z,Technology
Q206040,Mercury,1995-04-08T00:00:00Z,Technology
Q975594,Cython,2007-07-28T00:00:00Z,Technology
Q10876607,ChinesePython,2002-01-01T00:00:00Z,Technology
Q61632937,V,2019-06-20T00:00:00Z,Technology
Q64683329,Pyret,2014-01-01T00:00:00Z,Technology
Q3026464,MIVA Script,1996-01-01T00:00:00Z,Technology
Q1549370,Aldor,1990-01-01T00:00:00Z,Technology
Q756175,Io,2002-01-01T00:00:00Z,Technology
Q20479,Agda,2007-01-01T00:00:00Z,Technology
Q6864985,Croc,2006-06-01T00:00:00Z,Technology
Q15408477,Idris,2007-01-01T00:00:00Z,Technology
Q4659444,A♯,1971-01-01T00:00:00Z,Technology
Q608565,Cobra,2006-01-01T00:00:00Z,Technology
Q115750242,PyScript,,Technology
Q3503881,Suneido,2000-01-01T00:00:00Z,Technology
Q15777,Q15777,1972-01-01T00:00:00Z,Technology
Q4667901,Abiquo,2006-01-01T00:00:00Z,Technology
Q129137,AppleScript,1993-01-01T00:00:00Z,Technology
Q5289795,Domain/OS,,Technology
Q58329,HyperTalk,1987-01-01T00:00:00Z,Technology
Q56321053,Fuzix OS,2014-10-31T00:00:00Z,Technology
Q47604,Q47604,1981-08-12T00:00:00Z,Technology
Q2368856,Curry,1995-01-01T00:00:00Z,Technology
Q8811,Q8811,1989-01-01T00:00:00Z,Technology
Q2063,JSON,2001-01-01T00:00:00Z,Technology
Q16340,XPath,1999-01-01T00:00:00Z,Technology
Q124813537,Roc,,Technology
Q120316074,Gnolang,,Technology
Q1022951,CBASIC,,Technology
Q1023991,COMAL,1975-01-01T00:00:00Z,Technology
Q2282866,Avant Window Navigator,,Technology
Q489525,True BASIC,1983-01-01T00:00:00Z,Technology
Q1485336,GFA BASIC,1986-01-01T00:00:00Z,Technology
Q4053289,XBasic,,Technology
Q4866931,BasicX,,Technology
Q286196,Altair BASIC,1975-01-01T00:00:00Z,Technology
Q1056057,QuickBASIC,1985-01-01T00:00:00Z,Technology
Q5205093,DIBOL,1970-01-01T00:00:00Z,Technology
Q34280,Plankalkül,1942-01-01T00:00:00Z,Technology
Q10135,LibreOffice,2011-01-25T00:00:00Z,Technology
Q3756259,GRASS,1974-01-01T00:00:00Z,Technology
Q2597563,XProfan,1990-01-01T00:00:00Z,Technology
Q1169476,STOS BASIC,1988-01-01T00:00:00Z,Technology
Q34010,Q34010,1990-01-01T00:00:00Z,Technology
Q1374139,Euphoria,1993-01-01T00:00:00Z,Technology
Q2118858,PureBasic,1998-01-01T00:00:00Z,Technology
Q169412,Zebra,1989-01-01T00:00:00Z,Technology
Q28801607,jq,2012-01-01T00:00:00Z,Technology
Q429801,BBC BASIC,1981-01-01T00:00:00Z,Technology
Q28942571,IBM Advanced BASIC,1981-01-01T00:00:00Z,Technology
Q3564719,WLanguage,1992-01-01T00:00:00Z,Technology
Q8777,HTTP,1989-01-01T00:00:00Z,Technology
Q10366596,SQLPL,,Technology
Q4038020,Embeddable Common Lisp,,Technology
Q28865,Q28865,1991-02-20T00:00:00Z,Technology
Q8803,Transmission Control Protocol,,Technology
Q959513,SPIN model checker,1989-01-01T00:00:00Z,Technology
Q14643,Mach,1985-01-01T00:00:00Z,Technology
Q130394349,CIM Query Language,,Technology
Q5615658,Guido van Robot,2009-01-01T00:00:00Z,Technology
Q132291162,Hyperscript,2020-05-27T00:00:00Z,Technology
Q21055605,Pixie,2015-01-01T00:00:00Z,Technology
Q22443669,Robot Emil,,Technology
Q29377880,Shape Expressions,2013-01-01T00:00:00Z,Technology
Q5362035,Elixir,2011-01-09T00:00:00Z,Technology
Q1572865,Sass,2006-11-28T00:00:00Z,Technology
Q5428460,Facebook Query Language,,Technology
Q22661314,Karel 3D,,Technology
Q6944826,MyHDL,,Technology
Q25313489,MicroPython,,Technology
Q8046864,Yahoo! Query Language,,Technology
Q30110326,KAREL 3D,,Technology
Q3068282,LiveCode,2001-07-11T00:00:00Z,Technology
Q41574,PL/SQL,1992-01-01T00:00:00Z,Technology
Q42979,Q42979,1964-01-01T00:00:00Z,Technology
Q4046690,Perl Data Language,1996-01-01T00:00:00Z,Technology
Q2044345,PL/pgSQL,1998-10-30T00:00:00Z,Technology
Q767018,Microsoft Small Basic,2008-10-23T00:00:00Z,Technology
Q913681,Jakarta Persistence Query Language,2009-01-01T00:00:00Z,Technology
Q1396106,Sleep,2004-01-01T00:00:00Z,Technology
Q107477574,EdgeQL,,Technology
Q1700602,Open Programming Language,1984-01-01T00:00:00Z,Technology
Q7629737,Stylus,2011-01-01T00:00:00Z,Technology
Q5304638,Draco,,Technology
Q2428476,Modula,1975-01-01T00:00:00Z,Technology
Q51798,Clojure,2007-01-01T00:00:00Z,Technology
Q10263624,DOPE,,Technology
Q490481,Turing,1982-01-01T00:00:00Z,Technology
Q642207,CHILL,1980-01-01T00:00:00Z,Technology
Q1882071,MUMPS,1966-01-01T00:00:00Z,Technology
Q48987595,Darwin,1991-01-01T00:00:00Z,Technology
Q1926221,C/AL,,Technology
Q2044798,PTS-DOS,,Technology
Q16913488,Algek,,Technology
Q5010978,CGOL,1973-01-01T00:00:00Z,Technology
Q23665359,Redox,2015-04-20T00:00:00Z,Technology
Q5331070,EasyLanguage,,Technology
Q22981701,Delta COBOL,,Technology
Q5370400,Emerald,1980-01-01T00:00:00Z,Technology
Q7118053,PACT,1955-01-01T00:00:00Z,Technology
Q223433,PL/I,1964-01-01T00:00:00Z,Technology
Q633894,Object Pascal,1986-01-01T00:00:00Z,Technology
Q473201,Turbo Pascal,1983-11-20T00:00:00Z,Technology
Q47607,Q47607,1974-01-01T00:00:00Z,Technology
Q777358,Modula-2,1978-01-01T00:00:00Z,Technology
Q7133637,ParaSail,2009-01-01T00:00:00Z,Technology
Q188436,ALGOL,1959-01-01T00:00:00Z,Technology
Q46441,Cascading Style Sheets,1996-12-17T00:00:00Z,Technology
Q7475431,SuperPascal,1993-01-01T00:00:00Z,Technology
Q192490,PostgreSQL,1996-01-01T00:00:00Z,Technology
Q6297370,Joyce,1980-01-01T00:00:00Z,Technology
Q4652452,ALTRAN,1965-01-01T00:00:00Z,Technology
Q1208217,Oz,1991-01-01T00:00:00Z,Technology
Q1359171,REBOL,1997-01-01T00:00:00Z,Technology
Q775159,CLU,1975-01-01T00:00:00Z,Technology
Q1268744,Dylan,1992-01-01T00:00:00Z,Technology
Q4692057,AgentSheets,1991-01-01T00:00:00Z,Technology
Q7023815,Nial,1981-01-01T00:00:00Z,Technology
Q3317751,Mocklisp,,Technology
Q1886145,Piet,1993-01-01T00:00:00Z,Technology
Q6652643,Little b,2004-01-01T00:00:00Z,Technology
Q3547135,UCBLogo,,Technology
Q334879,Erlang,1986-01-01T00:00:00Z,Technology
Q5013542,COWSEL,1964-01-01T00:00:00Z,Technology
Q6716698,MLisp,,Technology
Q275472,Forth,1970-01-01T00:00:00Z,Technology
Q165372,CLIPS,1985-01-01T00:00:00Z,Technology
Q1391724,Factor,2003-01-01T00:00:00Z,Technology
Q218170,PostScript,1982-01-01T00:00:00Z,Technology
Q7265978,Qalb,2012-01-01T00:00:00Z,Technology
Q201436,Logo,1967-01-01T00:00:00Z,Technology
Q849146,Common Lisp,1984-01-01T00:00:00Z,Technology
Q235086,Smalltalk,1972-01-01T00:00:00Z,Technology
Q187560,Scheme,1975-01-01T00:00:00Z,Technology
Q18415077,Pliant,1999-01-01T00:00:00Z,Technology
Q762464,Squeak,1996-01-01T00:00:00Z,Technology
Q1859276,XL,2000-01-01T00:00:00Z,Technology
Q2560076,Abbreviated Test Language for All Systems,1983-12-22T00:00:00Z,Technology
Q83303,Fortran,1957-01-01T00:00:00Z,Technology
Q732089,Eiffel,1986-01-01T00:00:00Z,Technology
Q118152715,Austral,,Technology
Q2613697,Julia,2009-08-23T00:00:00Z,Technology
Q5119098,Ciao,,Technology
Q8042469,XSB,,Technology
Q223679,GNU Octave,1988-01-01T00:00:00Z,Technology
Q19865096,Extempore,,Technology
Q904298,Cosmoe,,Technology
Q5012660,CLACL,2000-01-01T00:00:00Z,Technology
Q60463,Ingres,,Technology
Q3258085,Logtalk,1998-01-01T00:00:00Z,Technology
Q19961543,TempleOS,2013-09-09T00:00:00Z,Technology
Q81571,Pascal,1970-01-01T00:00:00Z,Technology
Q7475416,Speedcoding,1953-01-01T00:00:00Z,Technology
Q3109515,Go!,2003-07-14T00:00:00Z,Technology
Q131140,Q131140,1959-05-28T00:00:00Z,Technology
Q6426496,Kojo,2010-01-01T00:00:00Z,Technology
Q1002996,Snap!,2011-01-01T00:00:00Z,Technology
Q275131,Scratch,2001-01-01T00:00:00Z,Technology
Q57016392,Snap4Arduino,2013-01-01T00:00:00Z,Technology
Q62563,BeOS,1995-10-01T00:00:00Z,Technology
Q143419,Blitz BASIC,2000-10-01T00:00:00Z,Technology
Q139380,Maple,1982-01-01T00:00:00Z,Technology
Q18207148,Flowgorithm,2014-01-01T00:00:00Z,Technology
Q132874,Q132874,1958-01-01T00:00:00Z,Technology
Q3902685,Pico,1997-01-01T00:00:00Z,Technology
Q1042397,Mesa,1976-01-01T00:00:00Z,Technology
Q54871,SPARQL,2008-01-15T00:00:00Z,Technology
Q1443431,Objective-J,2008-01-01T00:00:00Z,Technology
Q3140351,Hop,2006-01-01T00:00:00Z,Technology
Q7074171,Oaklisp,1986-01-01T00:00:00Z,Technology
Q7248516,Prograph,1983-01-01T00:00:00Z,Technology
Q1156474,Icon,1977-01-01T00:00:00Z,Technology
Q1265107,Joy,2001-01-01T00:00:00Z,Technology
Q2877155,BLISS,1970-01-01T00:00:00Z,Technology
Q2160963,PL/M,1973-01-01T00:00:00Z,Technology
Q7670997,TOM,1999-01-01T00:00:00Z,Technology
Q2205923,SETL,1969-01-01T00:00:00Z,Technology
Q685820,REXX,1979-01-01T00:00:00Z,Technology
Q1387402,SystemVerilog,2002-01-01T00:00:00Z,Technology
Q163468,Prolog,1972-01-01T00:00:00Z,Technology
Q3217187,Red,2011-01-01T00:00:00Z,Technology
Q169478,MATLAB,1984-01-01T00:00:00Z,Technology
Q165436,assembly language,1949-01-01T00:00:00Z,Technology
Q3312016,Micro Lua DS,2008-01-01T00:00:00Z,Technology
Q814269,Befunge,1993-01-01T00:00:00Z,Technology
Q136113,ZFS,,Technology
Q5502775,Frenetic,,Technology
Q5423569,F*,,Technology
Q378222,Whitespace,2003-04-01T00:00:00Z,Technology
Q4943501,Boomerang,2008-01-01T00:00:00Z,Technology
Q176984,UCSD Pascal,1978-01-01T00:00:00Z,Technology
Q517956,Malbolge,1998-01-01T00:00:00Z,Technology
Q6147158,Tink,2008-01-01T00:00:00Z,Technology
Q3353033,Opa,2011-01-01T00:00:00Z,Technology
Q132456753,Q132456753,,Technology
Q2357042,Strongtalk,2002-07-01T00:00:00Z,Technology
Q2437099,Object REXX,1988-01-01T00:00:00Z,Technology
Q4021505,XPL,1967-01-01T00:00:00Z,Technology
Q7119554,PL/C,1973-01-01T00:00:00Z,Technology
Q9026871,Magik,1989-01-01T00:00:00Z,Technology
Q1864529,Self,1987-01-01T00:00:00Z,Technology
Q97187861,YugabyteDB,2016-01-01T00:00:00Z,Technology
Q25345930,Citrine,2014-01-01T00:00:00Z,Technology
Q189248,GNU Bash,1989-06-08T00:00:00Z,Technology
Q5423621,F-Script,2009-01-01T00:00:00Z,Technology
Q369096,Pharo,2008-01-01T00:00:00Z,Technology
Q3218363,Lasso,1995-01-01T00:00:00Z,Technology
Q204222,KornShell,1983-01-01T00:00:00Z,Technology
Q7420937,Sense,,Technology
Q5730900,Bobcat,,Technology
Q22443510,Niki – der Roboter,,Technology
Q22583029,PC-Karel,,Technology
Q22666007,Visual Karel '99,,Technology
Q22666607,xKarel,,Technology
Q960361,RPL,1984-01-01T00:00:00Z,Technology
Q6460406,AMPLE,,Technology
Q2842324,TRAC,1964-01-01T00:00:00Z,Technology
Q67981636,Karel the Robot Simulator,,Technology
Q67981936,KAREL 3D WebGL,,Technology
Q112497804,Karel 1981,,Technology
Q258778,Extensible Application Markup Language,2008-06-01T00:00:00Z,Technology
Q212569,Simula,1962-01-01T00:00:00Z,Technology
Q5514650,GScript,,Technology
Q135551821,Uiua,,Technology
Q124804711,BQN,2020-01-01T00:00:00Z,Technology
Q263490,Control Language,,Technology
Q17009745,DADiSP,,Technology
Q212587,OCaml,1996-01-01T00:00:00Z,Technology
Q7275797,RAPID,1994-01-01T00:00:00Z,Technology
Q383994,J,1990-01-01T00:00:00Z,Technology
Q296704,ARLA,,Technology
Q305876,Q305876,1974-01-01T00:00:00Z,Technology
Q344108,Active Oberon,1997-01-01T00:00:00Z,Technology
Q201904,Qt,1995-05-20T00:00:00Z,Technology
Q834358,Q834358,1985-01-01T00:00:00Z,Technology
Q296187,APL,1966-01-01T00:00:00Z,Technology
Q2544816,Harbour,1999-01-01T00:00:00Z,Technology
Q1779923,Paradox,1985-01-01T00:00:00Z,Technology
Q4042031,K,1993-01-01T00:00:00Z,Technology
Q244627,Brainfuck,1993-01-01T00:00:00Z,Technology
Q187906,MINIX,1987-01-01T00:00:00Z,Technology
Q197520,NumPy,1995-01-01T00:00:00Z,Technology
Q204214,Tru64 UNIX,1992-01-01T00:00:00Z,Technology
Q362361,wxBasic,,Technology
Q267193,Sublime Text,2008-01-18T00:00:00Z,Technology
Q219528,CP/M,1974-01-01T00:00:00Z,Technology
Q377986,Clean,1987-01-01T00:00:00Z,Technology
Q375533,Kent Recursive Calculator,1981-01-01T00:00:00Z,Technology
Q207872,Lynx,1992-01-01T00:00:00Z,Technology
Q381247,QBasic,1991-01-01T00:00:00Z,Technology
Q101629075,Silq,2020-01-01T00:00:00Z,Technology
Q1439015,Fortress,2006-01-01T00:00:00Z,Technology
Q281876,YAML,2001-03-03T00:00:00Z,Technology
Q427002,DIGITAL Command Language,,Technology
Q268201,Wireless Markup Language,1998-01-01T00:00:00Z,Technology
Q7439742,SdlBasic,,Technology
Q780803,Miranda,1985-01-01T00:00:00Z,Technology
Q215448,Haiku,2002-01-01T00:00:00Z,Technology
Q134301689,Anubis,2025-01-19T00:00:00Z,Technology
Q28942582,Turbo Pascal OOP,1989-01-01T00:00:00Z,Technology
Q6509476,Lean,2013-01-01T00:00:00Z,Technology
Q597330,Standard ML,1983-01-01T00:00:00Z,Technology
Q239406,Standard ML of New Jersey,2002-10-16T00:00:00Z,Technology
Q11764839,MCPL,,Technology
Q797302,B,1969-01-01T00:00:00Z,Technology
Q795929,REALBasic,,Technology
Q776372,Information Processing Language,1956-01-01T00:00:00Z,Technology
Q730272,Lisp Machine Lisp,1976-01-01T00:00:00Z,Technology
Q357569,Hashcash,1997-01-01T00:00:00Z,Technology
Q5169369,CorVision,1986-01-01T00:00:00Z,Technology
Q2992227,Concurrent ML,,Technology
Q3352982,Ooc,,Technology
Q5174038,CosmicOS,,Technology
Q7671956,TTM,1968-01-01T00:00:00Z,Technology
Q677161,GAP,1986-01-01T00:00:00Z,Technology
Q522041,SNOBOL,1962-01-01T00:00:00Z,Technology
Q6998311,NetRexx,1996-01-01T00:00:00Z,Technology
Q2626413,Nemerle,2003-01-01T00:00:00Z,Technology
Q121773774,Microsoft C,1983-01-01T00:00:00Z,Technology
Q539268,Inform,1993-01-01T00:00:00Z,Technology
Q28942597,RPG IV,2001-01-01T00:00:00Z,Technology
Q471181,Amiga E,1993-01-01T00:00:00Z,Technology
Q5968955,IBM RPG III,1978-01-01T00:00:00Z,Technology
Q1928222,Modula-3,1989-01-01T00:00:00Z,Technology
Q7105278,Orwell,1984-01-01T00:00:00Z,Technology
Q526649,IBM RPG II,1965-01-01T00:00:00Z,Technology
Q1323362,Oberon,1987-01-01T00:00:00Z,Technology
Q3622471,Argus,1980-01-01T00:00:00Z,Technology
Q10350148,Pizza,1996-01-01T00:00:00Z,Technology
Q7665653,XC,2005-01-01T00:00:00Z,Technology
Q28942577,RPG/400,1988-01-01T00:00:00Z,Technology
Q810009,BCPL,1967-01-01T00:00:00Z,Technology
Q1044290,Etoys,1996-01-01T00:00:00Z,Technology
Q649594,Lattice C,,Technology
Q838062,occam,1983-01-01T00:00:00Z,Technology
Q860654,ML,1973-01-01T00:00:00Z,Technology
Q1057802,ABC,1975-01-01T00:00:00Z,Technology
Q840543,RPG,1959-01-01T00:00:00Z,Technology
Q5442117,Felix,,Technology
Q3094826,Gallina,,Technology
Q1209759,ALGOL 60,,Technology
Q735604,AspectJ,2001-01-01T00:00:00Z,Technology
Q5974027,ISLISP,1997-01-01T00:00:00Z,Technology
Q7630640,SubL,,Technology
Q1136926,Alice,2000-01-01T00:00:00Z,Technology
Q1537488,M,2008-01-01T00:00:00Z,Technology
Q1334586,Emacs Lisp,1985-01-01T00:00:00Z,Technology
Q5405195,EuLisp,1990-01-01T00:00:00Z,Technology
Q1562670,H2,2005-12-14T00:00:00Z,Technology
Q116697679,Cports,,Technology
Q1141484,WEB,,Technology
Q572117,GEOS,,Technology
Q28960864,Discipulus,2012-07-01T00:00:00Z,Technology
Q1024000,COMIT,1957-01-01T00:00:00Z,Technology
Q973097,Visual J++,1996-01-01T00:00:00Z,Technology
Q616360,Tk,,Technology
Q589680,Xenix,,Technology
Q844595,Bourne shell,1979-01-01T00:00:00Z,Technology
Q974083,JOSS,1963-01-01T00:00:00Z,Technology
Q28942354,Regional Assembly Language,1951-01-01T00:00:00Z,Technology
Q28942365,Rochester assembler,1951-01-01T00:00:00Z,Technology
Q28942363,Whirlwind assembler,1951-01-01T00:00:00Z,Technology
Q7669982,TELCOMP,1965-01-01T00:00:00Z,Technology
Q1799609,HyTime,1992-01-01T00:00:00Z,Technology
Q1210707,GEOS,1990-01-01T00:00:00Z,Technology
Q30500650,WebDAV Ordered Collections Protocol,,Technology
Q30500661,WebDAV Access Control Protocol,,Technology
Q1151190,Cω,2005-01-01T00:00:00Z,Technology
Q16632358,Caméléon,2009-01-01T00:00:00Z,Technology
Q1160312,J#,2002-01-01T00:00:00Z,Technology
Q83,Q83,2002-01-25T00:00:00Z,Technology
Q2524362,ColdFusion Markup Language,,Technology
Q5014842,CWEB,,Technology
Q5644861,Hamilton C shell,,Technology
Q780920,Text Encoding Initiative,,Technology
Q1277803,JOVIAL,1960-01-01T00:00:00Z,Technology
Q1265836,MetaPost,1994-01-01T00:00:00Z,Technology
Q1172264,Datalog,1986-01-01T00:00:00Z,Technology
Q5159095,Concurrent Euclid,1980-01-01T00:00:00Z,Technology
Q1306585,Turbo Basic,1987-01-01T00:00:00Z,Technology
Q4117854,MAD,1959-01-01T00:00:00Z,Technology
Q850661,XQuery,2007-01-01T00:00:00Z,Technology
Q1665857,Interactive Data Language,1977-01-01T00:00:00Z,Technology
Q785345,Project Xanadu,1960-01-01T00:00:00Z,Technology
Q669257,HSQLDB,2001-01-01T00:00:00Z,Technology
Q1389173,FLOW-MATIC,1955-01-01T00:00:00Z,Technology
Q859938,Q859938,,Technology
Q5675045,Hartmann pipeline,1986-01-01T00:00:00Z,Technology
Q4545417,.QL,2007-01-01T00:00:00Z,Technology
Q722609,MARC standards,1965-01-01T00:00:00Z,Technology
Q739120,HTTP/2,,Technology
Q3279945,Unicon,,Technology
Q846869,KSEG,,Technology
Q564329,WebDAV,1996-01-01T00:00:00Z,Technology
Q1457000,Metafont,,Technology
Q11698447,Forsythe,,Technology
Q1573599,Haml,,Technology
Q1882973,Maclisp,,Technology
Q2166735,ALGOL 68,,Technology
Q2251017,Dartmouth BASIC,,Technology
Q6839396,Microcosm,1988-01-01T00:00:00Z,Technology
Q907880,Q907880,1965-01-01T00:00:00Z,Technology
Q779317,Asymptote,2004-01-01T00:00:00Z,Technology
Q4994212,Hypertext Editing System,1967-01-01T00:00:00Z,Technology
Q1533797,ISWIM,1966-01-01T00:00:00Z,Technology
Q819563,Compiz,2006-08-01T00:00:00Z,Technology
Q1538458,ALGOL W,1966-01-01T00:00:00Z,Technology
Q2941568,Cat,2006-01-01T00:00:00Z,Technology
Q754972,AtheOS,,Technology
Q2347334,CPL,1963-01-01T00:00:00Z,Technology
Q1474061,FP,1977-01-01T00:00:00Z,Technology
Q4117415,Atlas Autocode,1965-01-01T00:00:00Z,Technology
Q4117844,Coral 66,1964-01-01T00:00:00Z,Technology
Q2072087,P′′,1964-01-01T00:00:00Z,Technology
Q206904,R,1993-08-01T00:00:00Z,Technology
Q5338206,Edinburgh IMP,1966-01-01T00:00:00Z,Technology
Q1577753,NewtonScript,1993-01-01T00:00:00Z,Technology
Q1571077,Netwide Assembler,1996-01-01T00:00:00Z,Technology
Q295232,AMOS,1990-01-01T00:00:00Z,Technology
Q28942400,Space Programming Language,1967-01-01T00:00:00Z,Technology
Q5426589,FL,1989-01-01T00:00:00Z,Technology
Q3508980,Simple Yet Powerful Scripting Language,2005-01-01T00:00:00Z,Technology
Q781443,MVS,,Technology
Q2349274,Planner,1969-01-01T00:00:00Z,Technology
Q739186,Q739186,1965-01-01T00:00:00Z,Technology
Q12343234,Tolog,,Technology
Q1131652,Rocq,1984-01-01T00:00:00Z,Technology
Q24082804,Hitachi VOS,,Technology
Q1011995,Google Native Client,2011-09-16T00:00:00Z,Technology
Q24082825,OSIV/MSP,,Technology
Q32110,XSLT,1999-01-01T00:00:00Z,Technology
Q3091025,High Performance Fortran,1993-01-01T00:00:00Z,Technology
Q621530,SPDY,2012-01-01T00:00:00Z,Technology
Q7075040,Object Oberon,1990-01-01T00:00:00Z,Technology
Q3251260,Oberon-2,1991-01-01T00:00:00Z,Technology
Q1107192,LESS,2009-01-01T00:00:00Z,Technology
Q1537885,Precision Graphics Markup Language,1998-01-01T00:00:00Z,Technology
Q911439,Scalr,2008-01-01T00:00:00Z,Technology
Q20155677,WebAssembly,2015-01-01T00:00:00Z,Technology
Q1355451,Beryl,,Technology
Q4734969,Alpha,,Technology
Q1046238,XML-RPC,,Technology
Q1412856,Liero,,Technology
Q22338769,sent,,Technology
Q4826226,autocode,1954-01-01T00:00:00Z,Technology
Q16947404,MATH-MATIC,1957-01-01T00:00:00Z,Technology
Q307441,osu!,,Technology
Q3401385,Praspel,,Technology
Q1050365,oNLine System,1962-01-01T00:00:00Z,Technology
Q878697,BitKeeper,2000-05-04T00:00:00Z,Technology
Q5205073,DH 485,,Technology
Q1266340,YMODEM,1985-01-01T00:00:00Z,Technology
Q5013384,COMTRAN,1957-01-01T00:00:00Z,Technology
Q1053749,HyperCard,1987-01-01T00:00:00Z,Technology
Q1503674,SpamAssassin,2001-04-20T00:00:00Z,Technology
Q30971393,PouchDB,,Technology
Q5016025,Caché ObjectScript,1997-01-01T00:00:00Z,Technology
Q466,World Wide Web,,Technology
Q73,Q73,1989-01-01T00:00:00Z,Technology
Q5448331,File Retrieval and Editing System,1968-01-01T00:00:00Z,Technology
Q3242457,Lisaac,2003-01-01T00:00:00Z,Technology
Q1999119,Oberon,1987-01-01T00:00:00Z,Technology
Q1164484,OpenNebula,2008-03-01T00:00:00Z,Technology
Q7248259,Profile Scripting Language,1998-01-01T00:00:00Z,Technology
Q5492884,Franz Lisp,1980-01-01T00:00:00Z,Technology
Q3575311,ZetaLisp,1980-01-01T00:00:00Z,Technology
Q71873189,dia2code,,Technology
Q73737542,HyperPAD,,Technology
Q1439431,Fossil,2006-01-01T00:00:00Z,Technology
Q1566084,HTML Tidy,2000-08-04T00:00:00Z,Technology
Q1315657,Textile,,Technology
Q1457398,Mutt,1995-01-01T00:00:00Z,Technology
Q2345313,DCOP,,Technology
Q5322692,ECL,,Technology
Q6334120,KM,,Technology
Q7388288,S3,,Technology
Q4834657,BASIC-PLUS,1970-01-01T00:00:00Z,Technology
Q1364836,FLEX,,Technology
Q6294583,Joule,1996-01-01T00:00:00Z,Technology
Q2385520,ENQUIRE,1980-01-01T00:00:00Z,Technology
Q5406088,Euclid,1977-01-01T00:00:00Z,Technology
Q4037222,Dependent ML,,Technology
Q4039198,GSQL,,Technology
Q5225670,Dartmouth ALGOL 30,,Technology
Q5324679,EXEC 2,,Technology
Q5635739,HP Time-Shared BASIC,,Technology
Q768923,D-Bus,,Technology
Q7072853,OPS5,,Technology
Q4928808,Blue,1997-01-01T00:00:00Z,Technology
Q7672623,T,1982-01-01T00:00:00Z,Technology
Q7119636,PLEX,1970-01-01T00:00:00Z,Technology
Q4040754,Hope,1970-01-01T00:00:00Z,Technology
Q5382927,Epigram,2004-01-01T00:00:00Z,Technology
Q7277848,RTL/2,1972-01-01T00:00:00Z,Technology
Q28942559,Yellow,1977-01-01T00:00:00Z,Technology
Q28126925,CS-4,1973-12-26T00:00:00Z,Technology
Q6715155,MDL,1971-01-01T00:00:00Z,Technology
Q7392398,SP/k,1974-01-01T00:00:00Z,Technology
Q4050034,StarLogo,2001-01-01T00:00:00Z,Technology
Q4047211,Polyphonic C#,2002-01-01T00:00:00Z,Technology
Q6778754,Mary,1971-01-01T00:00:00Z,Technology
Q4386338,Interlisp,1967-01-01T00:00:00Z,Technology
Q5264253,Design By Numbers,1999-01-01T00:00:00Z,Technology
Q106506225,Beyond All Reason,,Technology
Q3374941,Cilk Plus,2010-01-01T00:00:00Z,Technology
Q6506135,Lazy ML,1984-01-01T00:00:00Z,Technology
Q113585511,R,1993-08-01T00:00:00Z,Technology
Q1348118,MkLinux,1996-02-01T00:00:00Z,Technology
Q586622,Tiny BASIC,1975-01-01T00:00:00Z,Technology
Q341970,acme,,Technology
Q25461692,SuperNova,2010-01-01T00:00:00Z,Technology
Q130311839,Robigalia,,Technology
Q11276490,Himawari,,Technology
Q7742259,The Interactive Encyclopedia System,1983-01-01T00:00:00Z,Technology
Q1121719,Component Pascal,1997-01-01T00:00:00Z,Technology
Q28938004,Sue,1971-01-01T00:00:00Z,Technology
Q2598751,YaBB,,Technology
Q2729894,Coyotos,,Technology
Q3382499,Pick operating system,,Technology
Q15712808,Simple Object Language,,Technology
Q16834355,Cypher Query Language,,Technology
Q5402330,EtText,,Technology
Q6125402,QUEL,,Technology
Q8062969,ZBar,,Technology
Q1609529,Mizar,1973-01-01T00:00:00Z,Technology
Q16863097,Svelte,2016-11-26T00:00:00Z,Technology
Q7380095,RUNOFF,1964-01-01T00:00:00Z,Technology
Q136294,ZMODEM,1986-01-01T00:00:00Z,Technology
Q3459179,SAM76,1976-01-01T00:00:00Z,Technology
Q4043488,MTASC,2004-10-25T00:00:00Z,Technology
Q7300007,ReFLEX,1990-01-01T00:00:00Z,Technology
Q7090851,OnApp,2010-01-01T00:00:00Z,Technology
Q667290,HAL/S,1978-01-01T00:00:00Z,Technology
Q20665104,Ada 95,1994-12-21T00:00:00Z,Technology
Q588806,Integer BASIC,1977-01-01T00:00:00Z,Technology
Q28940832,ENIAC coding system,1943-01-01T00:00:00Z,Technology
Q4041759,Jack,,Technology
Q10287150,G-Portugol,,Technology
Q10370776,Setuptools,,Technology
Q63565848,Reason,2016-03-01T00:00:00Z,Technology
Q28942656,Green,,Technology
Q6336852,KRL,1971-01-01T00:00:00Z,Technology
Q28942649,MIDAS,,Technology
Q48989398,Dafny,2009-01-01T00:00:00Z,Technology
Q633804,HotSpot,,Technology
Q28942658,GPM,,Technology
Q51160093,Pony,,Technology
Q28942628,Analytical Engine order code,,Technology
Q28942629,Computest,,Technology
Q81294,Mathematica,1988-06-23T00:00:00Z,Technology
Q56291968,DARSIMCO,,Technology
Q37805571,MATLAB,1970-01-01T00:00:00Z,Technology
Q106520170,April APL,,Technology
Q28942232,CPC Coding scheme,1948-01-01T00:00:00Z,Technology
Q28942158,ENIAC Short Code,1946-01-01T00:00:00Z,Technology
Q28942599,GDScript,2001-01-01T00:00:00Z,Technology
Q94991465,Haddoc markup,,Technology
Q6716125,MIMIC,1964-01-01T00:00:00Z,Technology
Q7389283,SCRIPT,,Technology
Q20870787,Octave,,Technology
Q15956143,TSS/360,,Technology
Q16991599,bcache,,Technology
Q1049202,GW-BASIC,1983-01-01T00:00:00Z,Technology
Q10921015,ZhPy,2007-01-01T00:00:00Z,Technology
Q2044212,PILOT,1968-01-01T00:00:00Z,Technology
Q28975472,simpleswitcher,,Technology
Q17087093,Cloudify,2013-08-26T00:00:00Z,Technology
Q28942394,UNICODE,1957-01-01T00:00:00Z,Technology
Q66124520,Alpaca,,Technology
Q2566011,Short Code,1950-01-01T00:00:00Z,Technology
Q79260377,Cub,,Technology
Q79261110,Lioness,,Technology
Q11274357,Nadeshiko,2001-01-01T00:00:00Z,Technology
Q28452212,Cuneiform,2013-01-01T00:00:00Z,Technology
Q104870483,Project Verona,2019-01-01T00:00:00Z,Technology
Q105337422,ElGolog,,Technology
Q106463105,Dyalog APL,,Technology
Q66124479,Hyper-G,,Technology
Q68453830,HTTPie,,Technology
Q70078544,superswitcher,,Technology
Q74667091,HOUDINI,,Technology
Q74587961,MaxThink,,Technology
Q74590695,HyperRez,,Technology
Q114159171,Solid JS,,Technology
Q28942355,Boehm unnamed coding system,1951-01-01T00:00:00Z,Technology
Q28942234,Curry notation system,1948-01-01T00:00:00Z,Technology
Q28942221,Von Neumann and Goldstine graphing system,1946-01-01T00:00:00Z,Technology
Q96277086,RxJava,,Technology
Q30500573,HTTP/1.1,,Technology
Q55774523,React Native,2015-01-01T00:00:00Z,Technology
Q7671637,TSS-8,,Technology
Q27114292,posting style,,Technology
Q28925815,WikibaseLexeme,,Technology
Q105529768,xh,,Technology
Q106542006,dzaima APL,,Technology
Q69796544,rofi,,Technology
Q111522956,Tree-sitter,,Technology
Q74588296,Hyplus,,Technology
Q74670748,PC-Hypertext,,Technology
Q74679064,TransText,,Technology
Q56062435,Next.js,2016-10-25T00:00:00Z,Technology
